chrom	pos	A	C	G	T	total	entropy
chr13	48691305	0	109	0	0	109	0.0
chr13	48691306	0	0	0	109	109	0.0
chr13	48691307	0	109	0	0	109	0.0
chr13	48691308	109	0	0	0	109	0.0
chr13	48691309	0	0	109	0	109	0.0
chr13	48691310	0	0	116	0	116	0.0
chr13	48691311	0	0	117	0	117	0.0
chr13	48691312	132	0	0	0	132	0.0
chr13	48691313	132	0	0	0	132	0.0
chr13	48691314	0	0	131	0	131	0.0
chr13	48691315	0	0	132	0	132	0.0
chr13	48691316	0	130	0	0	130	0.0
chr13	48691317	131	0	0	0	131	0.0
chr13	48691318	132	0	0	0	132	0.0
chr13	48691319	0	0	0	132	132	0.0
chr13	48691320	132	0	0	0	132	0.0
chr13	48691321	0	0	156	0	156	0.0
chr13	48691322	156	0	0	0	156	0.0
chr13	48691323	0	0	0	155	155	0.0
chr13	48691324	0	0	0	156	156	0.0
chr13	48691325	0	0	155	0	155	0.0
chr13	48691326	0	0	0	156	156	0.0
chr13	48691327	155	0	0	0	155	0.0
chr13	48691328	0	0	0	156	156	0.0
chr13	48691329	156	0	0	0	156	0.0
chr13	48691330	0	0	155	0	155	0.0
chr13	48691331	0	0	0	156	156	0.0
chr13	48691332	0	0	0	156	156	0.0
chr13	48691333	156	0	0	0	156	0.0
chr13	48691334	0	0	0	155	155	0.0
chr13	48691335	8	148	0	0	156	0.29181825659888583
chr13	48691336	0	7	0	151	158	0.2616883425284311
chr13	48691337	0	132	0	24	156	0.6193821946787638
chr13	48691338	0	61	10	80	151	1.2731828444164783
chr13	48691339	0	0	0	142	142	0.0
chr13	48691340	62	0	0	0	62	0.0
chr13	48691341	62	0	0	0	62	0.0
chr13	48691342	47	0	0	0	47	0.0
chr13	48691343	0	47	0	0	47	0.0
chr13	48691344	47	0	0	0	47	0.0
chr13	48691345	0	0	47	0	47	0.0
chr13	48691346	0	0	47	0	47	0.0
chr13	48691347	0	0	47	0	47	0.0
chr13	48691348	0	0	0	47	47	0.0
chr13	48691349	47	0	0	0	47	0.0
chr13	48691350	47	0	0	0	47	0.0
chr13	48691351	47	0	0	0	47	0.0
chr13	48691352	47	0	0	0	47	0.0
chr13	48691353	0	0	0	46	46	0.0
chr13	48691354	0	47	0	0	47	0.0
chr13	48691355	37	0	0	0	37	0.0
chr13	48691356	0	37	0	0	37	0.0
chr13	48691357	0	0	0	37	37	0.0
chr13	48691358	37	0	0	0	37	0.0
chr13	48691359	0	37	0	0	37	0.0
chr13	48691360	0	37	0	0	37	0.0
chr13	48691361	0	37	0	0	37	0.0
chr13	48691362	0	37	0	0	37	0.0
chr13	48691363	36	0	0	0	36	0.0
chr13	48691364	0	37	0	0	37	0.0
chr13	48691365	37	0	0	0	37	0.0
chr13	48691366	37	0	0	0	37	0.0
chr13	48691367	0	37	0	0	37	0.0
chr13	48691368	0	0	0	37	37	0.0
chr13	48691369	24	0	0	0	24	0.0
chr13	48691370	0	0	0	24	24	0.0
chr13	48691371	24	0	0	0	24	0.0
chr13	48691372	0	24	0	0	24	0.0
chr13	48691373	24	0	0	0	24	0.0
chr13	48691374	24	0	0	0	24	0.0
chr13	48691375	0	0	0	24	24	0.0
chr13	48691376	0	24	0	0	24	0.0
chr13	48691377	0	0	0	24	24	0.0
chr13	48691378	24	0	0	0	24	0.0
chr13	48691379	0	24	0	0	24	0.0
chr13	48691380	0	0	0	24	24	0.0
chr13	48691381	24	0	0	0	24	0.0
chr13	48691382	0	24	0	0	24	0.0
chr13	48691383	0	24	0	0	24	0.0
chr13	48691384	0	0	0	24	24	0.0
chr13	48691385	0	24	0	0	24	0.0
chr13	48691386	24	0	0	0	24	0.0
